cube/weight,arm/velocity_ratio,arm/acceleration_ratio,belt/speed,dobot/operation,dobot/color,dobot/moving_arm,dobot/moving_belt,dobot/suction,meross/sample_timestamp,meross/power,meross/current,meross/voltage
1.2,55,55,55,homing,,,,,,,,
1.2,55,55,55,homing,,,,,,,,
1.2,55,55,55,homing,,,,,,,,
1.2,55,55,55,homing,,,,,,,,
1.2,55,55,55,homing,,,,,45:48.8,16.5,0.154,233.1
1.2,55,55,55,homing,,,,,45:49.6,16.291,0.154,233.1
1.2,55,55,55,homing,,,,,45:50.3,16.158,0.154,233.1
1.2,55,55,55,homing,,,,,45:52.0,16.31,0.155,231.2
1.2,55,55,55,homing,,,,,45:52.8,16.31,0.155,231.2
1.2,55,55,55,homing,,,,,45:53.6,16.31,0.153,231.2
1.2,55,55,55,homing,,,,,45:54.3,16.272,0.153,233.1
1.2,55,55,55,homing,,,,,45:56.0,16.291,0.155,233.1
1.2,55,55,55,homing,,,,,45:56.8,16.614,0.155,233.1
1.2,55,55,55,homing,,,,,45:57.6,16.747,0.156,233.1
1.2,55,55,55,homing,,,,,45:58.4,16.747,0.156,233.1
1.2,55,55,55,homing,,,,,45:59.9,16.519,0.154,233.1
1.2,55,55,55,homing,,,,,46:00.7,16.519,0.154,231.2
1.2,55,55,55,homing,,,,,46:01.5,16.31,0.154,231.2
1.2,55,55,55,homing,,,,,46:02.3,16.31,0.153,231.2
1.2,55,55,55,homing,,,,,46:03.9,16.196,0.153,233.1
1.2,55,55,55,homing,,,,,46:04.8,16.196,0.151,233.1
1.2,55,55,55,homing,,,,,46:05.6,16.31,0.151,233.1
1.2,55,55,55,homing,,,,,46:06.4,16.519,0.151,233.1
1.2,55,55,55,moving_belt,nothing,FALSE,TRUE,,46:07.8,17.127,0.158,231.2
1.2,55,55,55,moving_belt,nothing,FALSE,TRUE,,46:08.6,17.26,0.158,231.2
1.2,55,55,55,moving_belt,nothing,FALSE,TRUE,,46:09.4,17.26,0.158,231.2
1.2,55,55,55,moving_belt,nothing,FALSE,TRUE,,46:10.2,16.747,0.158,233.1
1.2,55,55,55,moving_belt,nothing,FALSE,TRUE,,46:11.9,16.747,0.156,233.1
1.2,55,55,55,go_to_pick_down,nothing,TRUE,FALSE,,46:12.7,16.633,0.156,233.1
1.2,55,55,55,go_to_pick_up_from_pick_down,nothing,TRUE,FALSE,TRUE,46:13.6,16.063,0.152,233.1
1.2,55,55,55,go_to_pick_up_from_pick_down,nothing,TRUE,FALSE,TRUE,46:14.4,16.063,0.152,233.1
1.2,55,55,55,go_to_color_detect_up,nothing,TRUE,FALSE,TRUE,46:15.9,22.823,0.207,233.1
1.2,55,55,55,go_to_color_detect_up,nothing,TRUE,FALSE,TRUE,46:16.7,22.88,0.207,233.1
1.2,55,55,55,go_to_color_detect_up,nothing,TRUE,FALSE,TRUE,46:17.6,22.804,0.205,233.1
1.2,55,55,55,go_to_color_detect_down,nothing,TRUE,FALSE,TRUE,46:18.4,22.709,0.205,233.1
1.2,55,55,55,go_to_color_detect_down,nothing,TRUE,FALSE,TRUE,46:19.9,22.064,0.197,233.1
1.2,55,55,55,go_to_color_detect_up,nothing,TRUE,FALSE,FALSE,46:20.7,22.064,0.197,233.1
1.2,55,55,55,go_to_color_detect_up,nothing,TRUE,FALSE,FALSE,46:21.6,18.646,0.154,233.1
1.2,55,55,55,detecting_color,nothing,FALSE,FALSE,FALSE,46:22.2,16.481,0.154,233.1
1.2,55,55,55,go_to_color_detect_down,red,TRUE,FALSE,FALSE,46:23.8,15.665,0.147,233.1
1.2,55,55,55,go_to_color_detect_down,red,TRUE,FALSE,FALSE,46:24.5,15.722,0.147,233.1
1.2,55,55,55,go_to_color_detect_up,red,TRUE,FALSE,TRUE,46:25.2,15.722,0.147,233.1
1.2,55,55,55,go_to_color_detect_up,red,TRUE,FALSE,TRUE,46:26.8,23.241,0.162,233.1
1.2,55,55,55,go_to_red_up,red,TRUE,FALSE,TRUE,46:27.6,22.652,0.162,233.1
1.2,55,55,55,go_to_red_up,red,TRUE,FALSE,TRUE,46:28.5,22.652,0.2,233.1
1.2,55,55,55,go_to_red_up,red,TRUE,FALSE,TRUE,46:29.3,22.462,0.2,233.1
1.2,55,55,55,go_to_red_down,red,TRUE,FALSE,TRUE,46:31.0,22.842,0.205,233.1
1.2,55,55,55,go_to_red_down,red,TRUE,FALSE,TRUE,46:31.8,22.121,0.205,233.1
1.2,55,55,55,go_to_red_up,red,TRUE,FALSE,FALSE,46:32.6,22.158,0.202,233.1
1.2,55,55,55,go_to_red_up,red,TRUE,FALSE,FALSE,46:33.5,19.614,0.202,233.1
1.2,55,55,55,go_to_pick_up_from_red,red,TRUE,FALSE,FALSE,46:34.3,16.785,0.202,233.1
1.2,55,55,55,go_to_pick_up_from_red,red,TRUE,FALSE,FALSE,46:35.8,16.405,0.156,233.1
1.2,55,55,55,go_to_pick_up_from_red,red,TRUE,FALSE,FALSE,46:36.6,16.405,0.156,233.1
1.2,55,55,55,go_to_pick_up_from_red,red,TRUE,FALSE,FALSE,46:37.4,16.538,0.155,233.1
1.2,55,55,55,moving_belt,red,FALSE,TRUE,FALSE,46:38.2,16.5,0.155,233.1
1.2,55,55,55,moving_belt,red,FALSE,TRUE,FALSE,46:40.0,16.576,0.157,233.1
1.2,55,55,55,moving_belt,red,FALSE,TRUE,FALSE,46:40.8,16.538,0.157,233.1
1.2,55,55,55,moving_belt,red,FALSE,TRUE,FALSE,46:41.6,16.272,0.155,233.1
1.2,55,55,55,moving_belt,red,FALSE,TRUE,FALSE,46:42.5,16.272,0.155,233.1
1.2,55,55,55,go_to_pick_down,red,TRUE,FALSE,FALSE,46:44.0,16.671,0.155,233.1
1.2,55,55,55,go_to_pick_down,red,TRUE,FALSE,FALSE,46:44.8,16.671,0.155,233.1
1.2,55,55,55,go_to_pick_up_from_pick_down,red,TRUE,FALSE,TRUE,46:45.7,16.158,0.152,233.1
1.2,55,55,55,go_to_color_detect_up,red,TRUE,FALSE,TRUE,46:46.3,23.412,0.152,233.1
1.2,55,55,55,go_to_color_detect_up,red,TRUE,FALSE,TRUE,46:48.0,22.785,0.206,233.1
1.2,55,55,55,go_to_color_detect_up,red,TRUE,FALSE,TRUE,46:48.8,22.785,0.206,233.1
1.2,55,55,55,go_to_color_detect_down,red,TRUE,FALSE,TRUE,46:49.6,22.595,0.206,233.1
1.2,55,55,55,go_to_color_detect_down,red,TRUE,FALSE,TRUE,46:50.3,22.614,0.204,233.1
1.2,55,55,55,go_to_color_detect_up,red,TRUE,FALSE,FALSE,46:52.0,22.064,0.199,233.1
1.2,55,55,55,go_to_color_detect_up,red,TRUE,FALSE,FALSE,46:52.8,16.329,0.199,233.1
1.2,55,55,55,detecting_color,red,FALSE,FALSE,FALSE,46:53.8,16.329,0.199,233.1
1.2,55,55,55,detecting_color,red,FALSE,FALSE,FALSE,46:54.6,16.31,0.154,233.1
1.2,55,55,55,go_to_color_detect_down,green,TRUE,FALSE,FALSE,46:55.5,15.854,0.154,233.1
1.2,55,55,55,go_to_color_detect_down,green,TRUE,FALSE,FALSE,46:56.3,15.854,0.15,233.1
1.2,55,55,55,go_to_color_detect_up,green,TRUE,FALSE,TRUE,46:57.9,17.81,0.15,233.1
1.2,55,55,55,go_to_color_detect_up,green,TRUE,FALSE,TRUE,46:58.7,22.918,0.208,233.1
1.2,55,55,55,go_to_green_up,green,TRUE,FALSE,TRUE,46:59.6,22.329,0.208,233.1
1.2,55,55,55,go_to_green_up,green,TRUE,FALSE,TRUE,47:00.4,22.69,0.208,233.1
1.2,55,55,55,go_to_green_down,green,TRUE,FALSE,TRUE,47:02.0,22.671,0.207,233.1
1.2,55,55,55,go_to_green_down,green,TRUE,FALSE,TRUE,47:02.8,22.196,0.199,233.1
1.2,55,55,55,go_to_green_up,green,TRUE,FALSE,FALSE,47:03.7,22.215,0.199,233.1
1.2,55,55,55,go_to_green_up,green,TRUE,FALSE,FALSE,47:04.5,19.5,0.199,233.1
1.2,55,55,55,go_to_pick_up_from_green,green,TRUE,FALSE,FALSE,47:06.0,17.07,0.159,233.1
1.2,55,55,55,go_to_pick_up_from_green,green,TRUE,FALSE,FALSE,47:06.8,16.386,0.159,233.1
1.2,55,55,55,go_to_pick_up_from_green,green,TRUE,FALSE,FALSE,47:07.7,16.5,0.157,233.1
1.2,55,55,55,go_to_pick_up_from_green,green,TRUE,FALSE,FALSE,47:08.5,16.5,0.157,233.1
1.2,55,55,55,moving_belt,green,FALSE,TRUE,FALSE,47:09.9,16.804,0.158,233.1
1.2,55,55,55,moving_belt,green,FALSE,TRUE,FALSE,47:10.6,16.652,0.158,233.1
1.2,55,55,55,moving_belt,green,FALSE,TRUE,FALSE,47:11.3,16.557,0.155,233.1
1.2,55,55,55,moving_belt,green,FALSE,TRUE,FALSE,47:13.0,16.424,0.155,233.1
1.2,55,55,55,moving_belt,green,FALSE,TRUE,FALSE,47:13.8,16.158,0.153,233.1
1.2,55,55,55,go_to_pick_down,green,TRUE,FALSE,FALSE,47:14.7,16.158,0.153,233.1
1.2,55,55,55,go_to_pick_up_from_pick_down,green,TRUE,FALSE,TRUE,47:15.4,16.31,0.153,233.1
1.2,55,55,55,go_to_color_detect_up,green,TRUE,FALSE,TRUE,47:16.8,22.994,0.154,233.1
1.2,55,55,55,go_to_color_detect_up,green,TRUE,FALSE,TRUE,47:17.7,22.994,0.154,233.1
1.2,55,55,55,go_to_color_detect_up,green,TRUE,FALSE,TRUE,47:18.5,22.614,0.205,233.1
1.2,55,55,55,go_to_color_detect_down,green,TRUE,FALSE,TRUE,47:19.3,22.728,0.205,233.1
1.2,55,55,55,go_to_color_detect_down,green,TRUE,FALSE,TRUE,47:20.9,22.557,0.205,233.1
1.2,55,55,55,go_to_color_detect_up,green,TRUE,FALSE,FALSE,47:21.8,22.026,0.205,233.1
1.2,55,55,55,go_to_color_detect_up,green,TRUE,FALSE,FALSE,47:22.6,21.874,0.204,233.1
1.2,55,55,55,detecting_color,green,FALSE,FALSE,FALSE,47:23.5,21.874,0.204,233.1
1.2,55,55,55,detecting_color,green,FALSE,FALSE,FALSE,47:24.2,16.823,0.155,233.1
1.2,55,55,55,go_to_color_detect_down,blue,TRUE,FALSE,FALSE,47:25.8,16.291,0.155,233.1
1.2,55,55,55,go_to_color_detect_down,blue,TRUE,FALSE,FALSE,47:26.6,16.177,0.152,233.1
1.2,55,55,55,go_to_color_detect_up,blue,TRUE,FALSE,TRUE,47:27.4,16.253,0.152,233.1
1.2,55,55,55,go_to_color_detect_up,blue,TRUE,FALSE,TRUE,47:28.2,23.222,0.152,233.1
1.2,55,55,55,go_to_blue_up,blue,TRUE,FALSE,TRUE,47:29.9,23.089,0.209,233.1
1.2,55,55,55,go_to_blue_up,blue,TRUE,FALSE,TRUE,47:30.7,22.329,0.208,233.1
1.2,55,55,55,go_to_blue_up,blue,TRUE,FALSE,TRUE,47:31.4,23.013,0.208,233.1
1.2,55,55,55,go_to_blue_down,blue,TRUE,FALSE,TRUE,47:32.8,22.956,0.209,233.1
1.2,55,55,55,go_to_blue_down,blue,TRUE,FALSE,TRUE,47:33.5,22.462,0.209,233.1
1.2,55,55,55,go_to_blue_up,blue,TRUE,FALSE,FALSE,47:35.0,22.329,0.203,233.1
1.2,55,55,55,go_to_blue_up,blue,TRUE,FALSE,FALSE,47:35.8,21.95,0.203,233.1
1.2,55,55,55,go_to_pick_up_from_blue,blue,TRUE,FALSE,FALSE,47:36.6,17.222,0.203,233.1
1.2,55,55,55,go_to_pick_up_from_blue,blue,TRUE,FALSE,FALSE,47:37.4,17.222,0.159,233.1
1.2,55,55,55,go_to_pick_up_from_blue,blue,TRUE,FALSE,FALSE,47:38.9,17.222,0.159,233.1
1.2,55,55,55,go_to_pick_up_from_blue,blue,TRUE,FALSE,FALSE,47:39.6,17.222,0.159,233.1
1.2,55,55,55,go_to_pick_up_from_blue,blue,TRUE,FALSE,FALSE,47:40.4,16.804,0.159,233.1
1.2,55,55,55,go_to_pick_up_from_blue,blue,TRUE,FALSE,FALSE,47:41.9,17.013,0.159,233.1
1.2,55,55,55,moving_belt,blue,FALSE,TRUE,FALSE,47:42.7,16.918,0.159,233.1
1.2,55,55,55,moving_belt,blue,FALSE,TRUE,FALSE,47:43.5,16.918,0.159,233.1
1.2,55,55,55,moving_belt,blue,FALSE,TRUE,FALSE,47:45.0,16.443,0.155,233.1
1.2,55,55,55,moving_belt,blue,FALSE,TRUE,FALSE,47:45.8,16.443,0.154,233.1
1.2,55,55,55,go_to_pick_down,blue,TRUE,FALSE,FALSE,47:46.7,16.386,0.154,233.1
1.2,55,55,55,go_to_pick_down,blue,TRUE,FALSE,FALSE,47:47.4,16.348,0.154,233.1
1.2,55,55,55,go_to_pick_up_from_pick_down,blue,TRUE,FALSE,TRUE,47:48.9,16.348,0.153,233.1
1.2,55,55,55,go_to_color_detect_up,blue,TRUE,FALSE,TRUE,47:49.7,23.222,0.153,233.1
1.2,55,55,55,go_to_color_detect_up,blue,TRUE,FALSE,TRUE,47:50.4,22.405,0.203,233.1
1.2,55,55,55,go_to_color_detect_up,blue,TRUE,FALSE,TRUE,47:52.0,22.861,0.203,233.1
1.2,55,55,55,go_to_color_detect_down,blue,TRUE,FALSE,TRUE,47:52.8,22.804,0.206,233.1
1.2,55,55,55,go_to_color_detect_down,blue,TRUE,FALSE,TRUE,47:53.6,22.595,0.206,233.1
1.2,55,55,55,go_to_color_detect_up,blue,TRUE,FALSE,FALSE,47:54.4,21.988,0.2,233.1
1.2,55,55,55,go_to_color_detect_up,blue,TRUE,FALSE,FALSE,47:56.0,16.633,0.2,233.1
1.2,55,55,55,detecting_color,blue,FALSE,FALSE,FALSE,47:56.8,16.633,0.157,233.1
1.2,55,55,55,detecting_color,blue,FALSE,FALSE,FALSE,47:57.6,16.405,0.157,233.1
1.2,55,55,55,go_to_color_detect_down,red,TRUE,FALSE,FALSE,47:58.5,16.006,0.157,233.1
1.2,55,55,55,go_to_color_detect_down,red,TRUE,FALSE,FALSE,47:59.2,16.006,0.152,233.1
1.2,55,55,55,go_to_color_detect_up,red,TRUE,FALSE,TRUE,48:00.9,17.962,0.186,233.1
1.2,55,55,55,go_to_color_detect_up,red,TRUE,FALSE,TRUE,48:01.7,17.962,0.186,233.1
1.2,55,55,55,go_to_red_up,red,TRUE,FALSE,TRUE,48:02.5,22.956,0.186,233.1
1.2,55,55,55,go_to_red_up,red,TRUE,FALSE,TRUE,48:03.3,22.272,0.203,233.1
1.2,55,55,55,go_to_red_up,red,TRUE,FALSE,TRUE,48:05.0,22.804,0.207,233.1
1.2,55,55,55,go_to_red_down,red,TRUE,FALSE,TRUE,48:05.8,22.709,0.207,233.1
1.2,55,55,55,go_to_red_down,red,TRUE,FALSE,TRUE,48:06.5,22.291,0.207,233.1
1.2,55,55,55,go_to_red_up,red,TRUE,FALSE,FALSE,48:07.3,22.196,0.202,233.1
1.2,55,55,55,go_to_red_up,red,TRUE,FALSE,FALSE,48:09.0,16.899,0.202,233.1
1.2,55,55,55,go_to_pick_up_from_red,red,TRUE,FALSE,FALSE,48:09.8,16.937,0.157,233.1
1.2,55,55,55,go_to_pick_up_from_red,red,TRUE,FALSE,FALSE,48:10.6,16.861,0.157,233.1
1.2,55,55,55,go_to_pick_up_from_red,red,TRUE,FALSE,FALSE,48:11.4,16.861,0.157,233.1
1.2,55,55,55,go_to_pick_up_from_red,red,TRUE,FALSE,FALSE,48:12.2,16.709,0.158,233.1
1.2,55,55,55,moving_belt,red,FALSE,TRUE,FALSE,48:13.9,16.842,0.159,233.1
1.2,55,55,55,moving_belt,red,FALSE,TRUE,FALSE,48:14.7,16.823,0.159,233.1
1.2,55,55,55,moving_belt,red,FALSE,TRUE,FALSE,48:15.5,16.405,0.159,233.1
1.2,55,55,55,moving_belt,red,FALSE,TRUE,FALSE,48:16.2,16.405,0.156,233.1
1.2,55,55,55,moving_belt,red,FALSE,TRUE,FALSE,48:17.8,16.652,0.156,233.1
1.2,55,55,55,go_to_pick_down,red,TRUE,FALSE,FALSE,48:18.6,16.652,0.155,233.1
1.2,55,55,55,go_to_pick_up_from_pick_down,red,TRUE,FALSE,TRUE,48:19.4,16.462,0.155,233.1
1.2,55,55,55,go_to_pick_up_from_pick_down,red,TRUE,FALSE,TRUE,48:20.9,16.215,0.155,233.1
1.2,55,55,55,go_to_color_detect_up,red,TRUE,FALSE,TRUE,48:21.7,22.937,0.155,233.1
1.2,55,55,55,go_to_color_detect_up,red,TRUE,FALSE,TRUE,48:22.5,22.121,0.2,233.1
1.2,55,55,55,go_to_color_detect_up,red,TRUE,FALSE,TRUE,48:24.0,22.329,0.2,233.1
1.2,55,55,55,go_to_color_detect_down,red,TRUE,FALSE,TRUE,48:24.7,21.969,0.199,233.1
1.2,55,55,55,go_to_color_detect_down,red,TRUE,FALSE,TRUE,48:25.5,21.969,0.199,233.1
1.2,55,55,55,go_to_color_detect_up,red,TRUE,FALSE,FALSE,48:27.0,21.836,0.195,233.1
1.2,55,55,55,go_to_color_detect_up,red,TRUE,FALSE,FALSE,48:27.8,16.633,0.195,233.1
1.2,55,55,55,detecting_color,red,FALSE,FALSE,FALSE,48:28.6,16.633,0.195,233.1
1.2,55,55,55,go_to_color_detect_down,green,TRUE,FALSE,FALSE,48:29.5,15.93,0.151,233.1
1.2,55,55,55,go_to_color_detect_down,green,TRUE,FALSE,FALSE,48:30.3,15.835,0.151,233.1
1.2,55,55,55,go_to_color_detect_up,green,TRUE,FALSE,TRUE,48:31.1,15.835,0.151,233.1
1.2,55,55,55,go_to_color_detect_up,green,TRUE,FALSE,TRUE,48:32.2,15.93,0.149,233.1
1.2,55,55,55,go_to_green_up,green,TRUE,FALSE,TRUE,48:33.1,22.728,0.149,233.1
1.2,55,55,55,go_to_green_up,green,TRUE,FALSE,TRUE,48:34.3,22.5,0.204,233.1
1.2,55,55,55,go_to_green_down,green,TRUE,FALSE,TRUE,48:35.9,22.462,0.2,233.1
1.2,55,55,55,go_to_green_down,green,TRUE,FALSE,TRUE,48:36.8,21.855,0.2,231.2
1.2,55,55,55,go_to_green_up,green,TRUE,FALSE,FALSE,48:37.6,22.026,0.198,231.2
1.2,55,55,55,go_to_green_up,green,TRUE,FALSE,FALSE,48:38.5,21.798,0.198,233.1
1.2,55,55,55,go_to_pick_up_from_green,green,TRUE,FALSE,FALSE,48:39.3,16.576,0.198,233.1
1.2,55,55,55,go_to_pick_up_from_green,green,TRUE,FALSE,FALSE,48:40.9,16.101,0.157,233.1
1.2,55,55,55,go_to_pick_up_from_green,green,TRUE,FALSE,FALSE,48:41.6,16.101,0.157,233.1
1.2,55,55,55,go_to_pick_up_from_green,green,TRUE,FALSE,FALSE,48:42.5,16.462,0.154,233.1
1.2,55,55,55,moving_belt,green,FALSE,TRUE,FALSE,48:44.0,16.386,0.154,233.1
1.2,55,55,55,moving_belt,green,FALSE,TRUE,FALSE,48:44.9,16.386,0.154,233.1
1.2,55,55,55,moving_belt,green,FALSE,TRUE,FALSE,48:45.6,16.652,0.154,233.1
1.2,55,55,55,moving_belt,green,FALSE,TRUE,FALSE,48:46.5,16.652,0.154,233.1
1.2,55,55,55,moving_belt,green,FALSE,TRUE,FALSE,48:47.2,16.462,0.154,233.1
1.2,55,55,55,go_to_pick_down,green,TRUE,FALSE,FALSE,48:48.9,16.652,0.156,233.1
1.2,55,55,55,go_to_pick_up_from_pick_down,green,TRUE,FALSE,TRUE,48:49.7,16.5,0.156,233.1
1.2,55,55,55,go_to_pick_up_from_pick_down,green,TRUE,FALSE,TRUE,48:50.4,16.12,0.156,233.1
1.2,55,55,55,go_to_color_detect_up,green,TRUE,FALSE,TRUE,48:51.2,22.823,0.189,233.1
1.2,55,55,55,go_to_color_detect_up,green,TRUE,FALSE,TRUE,48:53.0,22.31,0.203,233.1
1.2,55,55,55,go_to_color_detect_up,green,TRUE,FALSE,TRUE,48:53.8,22.31,0.203,233.1
1.2,55,55,55,go_to_color_detect_down,green,TRUE,FALSE,TRUE,48:54.6,22.253,0.203,233.1
1.2,55,55,55,go_to_color_detect_down,green,TRUE,FALSE,TRUE,48:55.4,21.988,0.199,233.1
1.2,55,55,55,go_to_color_detect_up,green,TRUE,FALSE,FALSE,48:57.0,21.323,0.199,233.1
1.2,55,55,55,go_to_color_detect_up,green,TRUE,FALSE,FALSE,48:57.8,21.323,0.168,233.1
1.2,55,55,55,detecting_color,green,FALSE,FALSE,FALSE,48:58.6,16.481,0.168,233.1
1.2,55,55,55,go_to_color_detect_down,blue,TRUE,FALSE,FALSE,48:59.6,15.93,0.149,233.1
1.2,55,55,55,go_to_color_detect_down,blue,TRUE,FALSE,FALSE,49:00.8,15.722,0.149,233.1
1.2,55,55,55,go_to_color_detect_up,blue,TRUE,FALSE,TRUE,49:01.6,15.722,0.151,233.1
1.2,55,55,55,go_to_color_detect_up,blue,TRUE,FALSE,TRUE,49:02.4,15.854,0.151,233.1
1.2,55,55,55,go_to_blue_up,blue,TRUE,FALSE,TRUE,49:03.5,22.804,0.151,233.1
1.2,55,55,55,go_to_blue_up,blue,TRUE,FALSE,TRUE,49:05.0,21.893,0.205,233.1
1.2,55,55,55,go_to_blue_up,blue,TRUE,FALSE,TRUE,49:05.8,22.367,0.205,233.1
1.2,55,55,55,go_to_blue_up,blue,TRUE,FALSE,TRUE,49:06.6,22.31,0.205,233.1
1.2,55,55,55,go_to_blue_down,blue,TRUE,FALSE,TRUE,49:07.8,22.538,0.2,233.1
1.2,55,55,55,go_to_blue_down,blue,TRUE,FALSE,TRUE,49:08.7,21.874,0.2,233.1
1.2,55,55,55,go_to_blue_up,blue,TRUE,FALSE,FALSE,49:09.5,21.798,0.2,233.1
1.2,55,55,55,go_to_blue_up,blue,TRUE,FALSE,FALSE,49:10.4,17.829,0.171,233.1
1.2,55,55,55,go_to_pick_up_from_blue,blue,TRUE,FALSE,FALSE,49:11.9,16.785,0.171,233.1
1.2,55,55,55,go_to_pick_up_from_blue,blue,TRUE,FALSE,FALSE,49:12.7,16.462,0.153,233.1
1.2,55,55,55,go_to_pick_up_from_blue,blue,TRUE,FALSE,FALSE,49:13.5,16.462,0.153,233.1
1.2,55,55,55,go_to_pick_up_from_blue,blue,TRUE,FALSE,FALSE,49:14.3,16.462,0.153,233.1
1.2,55,55,55,go_to_pick_up_from_blue,blue,TRUE,FALSE,FALSE,49:15.9,16.538,0.155,233.1
1.2,55,55,55,moving_belt,blue,FALSE,TRUE,FALSE,49:16.8,16.671,0.156,233.1
1.2,55,55,55,moving_belt,blue,FALSE,TRUE,FALSE,49:17.6,16.766,0.156,233.1
1.2,55,55,55,moving_belt,blue,FALSE,TRUE,FALSE,49:18.6,16.766,0.156,233.1
1.2,55,55,55,moving_belt,blue,FALSE,TRUE,FALSE,49:20.0,16.576,0.154,233.1
1.2,55,55,55,moving_belt,blue,FALSE,TRUE,FALSE,49:20.9,16.576,0.154,233.1
1.2,55,55,55,go_to_pick_down,blue,TRUE,FALSE,FALSE,49:21.6,16.31,0.154,233.1
1.2,55,55,55,go_to_pick_up_from_pick_down,blue,TRUE,FALSE,TRUE,49:22.3,16.196,0.154,233.1
1.2,55,55,55,go_to_pick_up_from_pick_down,blue,TRUE,FALSE,TRUE,49:23.9,21.285,0.162,233.1
1.2,55,55,55,go_to_color_detect_up,blue,TRUE,FALSE,TRUE,49:24.7,22.5,0.162,233.1
1.2,55,55,55,go_to_color_detect_up,blue,TRUE,FALSE,TRUE,49:25.6,22.424,0.205,233.1
1.2,55,55,55,go_to_color_detect_down,blue,TRUE,FALSE,TRUE,49:27.0,22.5,0.205,233.1
1.2,55,55,55,go_to_color_detect_down,blue,TRUE,FALSE,TRUE,49:27.8,22.5,0.204,233.1
1.2,55,55,55,go_to_color_detect_up,blue,TRUE,FALSE,FALSE,49:28.5,21.874,0.204,233.1
1.2,55,55,55,go_to_color_detect_up,blue,TRUE,FALSE,FALSE,49:30.1,18.209,0.198,233.1
1.2,55,55,55,detecting_color,blue,FALSE,FALSE,FALSE,49:30.9,18.209,0.198,233.1
1.2,55,55,55,detecting_color,blue,FALSE,FALSE,FALSE,49:31.6,16.823,0.153,233.1
1.2,55,55,55,go_to_color_detect_down,red,TRUE,FALSE,FALSE,49:32.7,15.93,0.153,233.1
1.2,55,55,55,go_to_color_detect_down,red,TRUE,FALSE,FALSE,49:33.6,16.025,0.153,233.1
1.2,55,55,55,go_to_color_detect_up,red,TRUE,FALSE,TRUE,49:34.4,16.025,0.152,233.1
1.2,55,55,55,go_to_color_detect_up,red,TRUE,FALSE,TRUE,49:36.0,22.633,0.207,233.1
1.2,55,55,55,go_to_red_up,red,TRUE,FALSE,TRUE,49:36.8,22.253,0.207,233.1
1.2,55,55,55,go_to_red_up,red,TRUE,FALSE,TRUE,49:37.6,22.386,0.207,233.1
1.2,55,55,55,go_to_red_up,red,TRUE,FALSE,TRUE,49:38.4,22.386,0.207,233.1
1.2,55,55,55,go_to_red_down,red,TRUE,FALSE,TRUE,49:39.9,22.462,0.207,233.1
1.2,55,55,55,go_to_red_down,red,TRUE,FALSE,TRUE,49:40.7,21.969,0.202,233.1
1.2,55,55,55,go_to_red_up,red,TRUE,FALSE,FALSE,49:41.5,22.177,0.202,233.1
1.2,55,55,55,go_to_red_up,red,TRUE,FALSE,FALSE,49:42.4,18.323,0.16,233.1
1.2,55,55,55,go_to_pick_up_from_red,red,TRUE,FALSE,FALSE,49:43.9,17.051,0.16,233.1
1.2,55,55,55,go_to_pick_up_from_red,red,TRUE,FALSE,FALSE,49:44.7,16.633,0.156,233.1
1.2,55,55,55,go_to_pick_up_from_red,red,TRUE,FALSE,FALSE,49:45.6,16.633,0.156,233.1
1.2,55,55,55,go_to_pick_up_from_red,red,TRUE,FALSE,FALSE,49:46.4,16.671,0.156,233.1
1.2,55,55,55,moving_belt,red,FALSE,TRUE,FALSE,49:47.9,16.747,0.158,233.1
1.2,55,55,55,moving_belt,red,FALSE,TRUE,FALSE,49:48.7,16.69,0.158,233.1
1.2,55,55,55,moving_belt,red,FALSE,TRUE,FALSE,49:49.5,16.538,0.158,233.1
1.2,55,55,55,moving_belt,red,FALSE,TRUE,FALSE,49:51.0,16.5,0.157,233.1
1.2,55,55,55,moving_belt,red,FALSE,TRUE,FALSE,49:51.7,16.5,0.157,233.1
1.2,55,55,55,go_to_pick_down,red,TRUE,FALSE,FALSE,49:53.1,16.5,0.155,233.1
1.2,55,55,55,go_to_pick_down,red,TRUE,FALSE,FALSE,49:53.8,16.5,0.155,233.1
1.2,55,55,55,go_to_pick_up_from_pick_down,red,TRUE,FALSE,TRUE,49:54.6,16.291,0.155,233.1
1.2,55,55,55,go_to_color_detect_up,red,TRUE,FALSE,TRUE,49:55.4,23.089,0.21,233.1
1.2,55,55,55,go_to_color_detect_up,red,TRUE,FALSE,TRUE,49:57.0,23.184,0.21,233.1
1.2,55,55,55,go_to_color_detect_up,red,TRUE,FALSE,TRUE,49:57.8,23.127,0.21,233.1
1.2,55,55,55,go_to_color_detect_down,red,TRUE,FALSE,TRUE,49:58.6,23.127,0.21,233.1
1.2,55,55,55,go_to_color_detect_down,red,TRUE,FALSE,TRUE,49:59.4,22.519,0.21,233.1
1.2,55,55,55,go_to_color_detect_up,red,TRUE,FALSE,FALSE,50:01.0,21.874,0.198,233.1
1.2,55,55,55,go_to_color_detect_up,red,TRUE,FALSE,FALSE,50:01.8,16.405,0.155,233.1
1.2,55,55,55,detecting_color,red,FALSE,FALSE,FALSE,50:02.6,16.405,0.155,233.1
1.2,55,55,55,go_to_color_detect_down,green,TRUE,FALSE,FALSE,50:03.4,16.538,0.155,233.1
1.2,55,55,55,go_to_color_detect_down,green,TRUE,FALSE,FALSE,50:05.0,16.101,0.152,233.1
1.2,55,55,55,go_to_color_detect_up,green,TRUE,FALSE,TRUE,50:05.7,16.139,0.152,233.1
1.2,55,55,55,go_to_color_detect_up,green,TRUE,FALSE,TRUE,50:06.5,18.342,0.152,233.1
1.2,55,55,55,go_to_green_up,green,TRUE,FALSE,TRUE,50:08.0,22.633,0.152,233.1
1.2,55,55,55,go_to_green_up,green,TRUE,FALSE,TRUE,50:08.7,22.064,0.203,233.1
1.2,55,55,55,go_to_green_up,green,TRUE,FALSE,TRUE,50:09.5,22.481,0.203,233.1
1.2,55,55,55,go_to_green_down,green,TRUE,FALSE,TRUE,50:10.3,22.5,0.204,233.1
1.2,55,55,55,go_to_green_down,green,TRUE,FALSE,FALSE,50:11.9,22.007,0.204,233.1
1.2,55,55,55,go_to_green_up,green,TRUE,FALSE,FALSE,50:12.7,22.007,0.2,233.1
1.2,55,55,55,go_to_pick_up_from_green,green,TRUE,FALSE,FALSE,50:13.5,18.228,0.2,233.1
1.2,55,55,55,go_to_pick_up_from_green,green,TRUE,FALSE,FALSE,50:15.0,16.956,0.156,233.1
1.2,55,55,55,go_to_pick_up_from_green,green,TRUE,FALSE,FALSE,50:16.0,16.652,0.156,233.1
1.2,55,55,55,go_to_pick_up_from_green,green,TRUE,FALSE,FALSE,50:16.8,16.785,0.158,233.1
1.2,55,55,55,moving_belt,green,FALSE,TRUE,FALSE,50:17.6,16.785,0.158,233.1
1.2,55,55,55,moving_belt,green,FALSE,TRUE,FALSE,50:19.1,16.804,0.159,233.1
1.2,55,55,55,moving_belt,green,FALSE,TRUE,FALSE,50:19.8,16.804,0.159,233.1
1.2,55,55,55,moving_belt,green,FALSE,TRUE,FALSE,50:20.6,16.614,0.159,233.1
1.2,55,55,55,moving_belt,green,FALSE,TRUE,FALSE,50:21.5,16.614,0.158,233.1
1.2,55,55,55,go_to_pick_down,green,TRUE,FALSE,FALSE,50:23.0,16.614,0.158,233.1
1.2,55,55,55,go_to_pick_down,green,TRUE,FALSE,FALSE,50:23.9,16.424,0.156,233.1
1.2,55,55,55,go_to_pick_up_from_pick_down,green,TRUE,FALSE,TRUE,50:24.6,16.424,0.156,233.1
1.2,55,55,55,go_to_color_detect_up,green,TRUE,FALSE,TRUE,50:26.0,20.412,0.211,233.1
1.2,55,55,55,go_to_color_detect_up,green,TRUE,FALSE,TRUE,50:26.7,22.272,0.211,233.1
1.2,55,55,55,go_to_color_detect_up,green,TRUE,FALSE,TRUE,50:28.1,22.538,0.207,233.1
1.2,55,55,55,go_to_color_detect_down,green,TRUE,FALSE,TRUE,50:29.0,22.538,0.207,233.1
1.2,55,55,55,go_to_color_detect_down,green,TRUE,FALSE,TRUE,50:29.7,21.798,0.198,233.1
1.2,55,55,55,go_to_color_detect_up,green,TRUE,FALSE,FALSE,50:31.0,21.722,0.198,233.1
1.2,55,55,55,go_to_color_detect_up,green,TRUE,FALSE,FALSE,50:31.7,19.5,0.155,233.1
1.2,55,55,55,detecting_color,green,FALSE,FALSE,FALSE,50:32.6,16.861,0.155,233.1
1.2,55,55,55,detecting_color,green,FALSE,FALSE,FALSE,50:33.4,16.861,0.155,233.1
1.2,55,55,55,go_to_color_detect_down,blue,TRUE,FALSE,FALSE,50:34.9,15.987,0.151,233.1
1.2,55,55,55,go_to_color_detect_down,blue,TRUE,FALSE,FALSE,50:35.7,15.949,0.151,233.1
1.2,55,55,55,go_to_color_detect_up,blue,TRUE,FALSE,TRUE,50:36.8,15.911,0.152,233.1
1.2,55,55,55,go_to_color_detect_up,blue,TRUE,FALSE,TRUE,50:37.6,22.861,0.152,233.1
1.2,55,55,55,go_to_blue_up,blue,TRUE,FALSE,TRUE,50:38.3,22.31,0.205,233.1
1.2,55,55,55,go_to_blue_up,blue,TRUE,FALSE,TRUE,50:40.1,22.5,0.205,233.1
1.2,55,55,55,go_to_blue_up,blue,TRUE,FALSE,TRUE,50:40.8,22.709,0.206,233.1
1.2,55,55,55,go_to_blue_down,blue,TRUE,FALSE,TRUE,50:41.8,22.595,0.206,233.1
1.2,55,55,55,go_to_blue_down,blue,TRUE,FALSE,TRUE,50:42.6,22.595,0.204,233.1
1.2,55,55,55,go_to_blue_up,blue,TRUE,FALSE,FALSE,50:44.1,21.988,0.204,233.1
1.2,55,55,55,go_to_blue_up,blue,TRUE,FALSE,FALSE,50:44.9,17.393,0.171,233.1
1.2,55,55,55,go_to_pick_up_from_blue,blue,TRUE,FALSE,FALSE,50:45.7,17.393,0.171,233.1
1.2,55,55,55,go_to_pick_up_from_blue,blue,TRUE,FALSE,FALSE,50:46.5,16.937,0.171,233.1
1.2,55,55,55,go_to_pick_up_from_blue,blue,TRUE,FALSE,FALSE,50:48.1,16.861,0.155,233.1
1.2,55,55,55,go_to_pick_up_from_blue,blue,TRUE,FALSE,FALSE,50:48.8,16.861,0.157,233.1
1.2,55,55,55,go_to_pick_up_from_blue,blue,TRUE,FALSE,FALSE,50:49.6,16.671,0.157,233.1
1.2,55,55,55,moving_belt,blue,FALSE,TRUE,FALSE,50:51.1,16.804,0.158,233.1
1.2,55,55,55,moving_belt,blue,FALSE,TRUE,FALSE,50:51.8,16.728,0.158,233.1
1.2,55,55,55,moving_belt,blue,FALSE,TRUE,FALSE,50:52.5,16.728,0.158,233.1
1.2,55,55,55,moving_belt,blue,FALSE,TRUE,FALSE,50:53.9,16.576,0.156,233.1
1.2,55,55,55,moving_belt,blue,FALSE,TRUE,FALSE,50:54.7,16.443,0.156,233.1
1.2,55,55,55,go_to_pick_down,blue,TRUE,FALSE,FALSE,50:55.5,16.386,0.156,233.1
1.2,55,55,55,go_to_pick_up_from_pick_down,blue,TRUE,FALSE,TRUE,50:57.0,16.253,0.154,233.1
1.2,55,55,55,go_to_pick_up_from_pick_down,blue,TRUE,FALSE,TRUE,50:57.8,20.867,0.175,233.1
1.2,55,55,55,go_to_color_detect_up,blue,TRUE,FALSE,TRUE,50:58.5,22.424,0.175,233.1
1.2,55,55,55,go_to_color_detect_up,blue,TRUE,FALSE,TRUE,51:00.1,22.177,0.203,233.1
1.2,55,55,55,go_to_color_detect_up,blue,TRUE,FALSE,TRUE,51:00.9,22.102,0.203,233.1
1.2,55,55,55,go_to_color_detect_down,blue,TRUE,FALSE,TRUE,51:02.0,22.31,0.203,233.1
1.2,55,55,55,go_to_color_detect_down,blue,TRUE,FALSE,TRUE,51:02.8,21.456,0.202,233.1
1.2,55,55,55,go_to_color_detect_up,blue,TRUE,FALSE,FALSE,51:03.7,21.456,0.202,233.1
1.2,55,55,55,go_to_color_detect_up,blue,TRUE,FALSE,FALSE,51:04.9,17.715,0.195,233.1
1.2,55,55,55,detecting_color,blue,FALSE,FALSE,FALSE,51:05.6,16.386,0.195,233.1
1.2,55,55,55,go_to_color_detect_down,red,TRUE,FALSE,FALSE,51:06.4,16.386,0.151,233.1
1.2,55,55,55,go_to_color_detect_down,red,TRUE,FALSE,FALSE,51:08.1,15.873,0.151,233.1
1.2,55,55,55,go_to_color_detect_up,red,TRUE,FALSE,TRUE,51:08.9,15.873,0.15,233.1
1.2,55,55,55,go_to_color_detect_up,red,TRUE,FALSE,TRUE,51:09.7,16.082,0.15,233.1
1.2,55,55,55,go_to_red_up,red,TRUE,FALSE,TRUE,51:10.5,22.405,0.203,233.1
1.2,55,55,55,go_to_red_up,red,TRUE,FALSE,TRUE,51:12.1,22.121,0.203,233.1
1.2,55,55,55,go_to_red_up,red,TRUE,FALSE,TRUE,51:12.9,22.121,0.202,233.1
1.2,55,55,55,go_to_red_down,red,TRUE,FALSE,TRUE,51:13.6,22.234,0.202,233.1
1.2,55,55,55,go_to_red_down,red,TRUE,FALSE,TRUE,51:14.4,22.234,0.202,233.1
1.2,55,55,55,go_to_red_up,red,TRUE,FALSE,FALSE,51:16.1,21.703,0.197,233.1
1.2,55,55,55,go_to_red_up,red,TRUE,FALSE,FALSE,51:16.9,16.652,0.155,233.1
1.2,55,55,55,go_to_pick_up_from_red,red,TRUE,FALSE,FALSE,51:17.6,16.652,0.155,233.1
1.2,55,55,55,go_to_pick_up_from_red,red,TRUE,FALSE,FALSE,51:19.1,16.557,0.155,233.1
1.2,55,55,55,go_to_pick_up_from_red,red,TRUE,FALSE,FALSE,51:20.1,16.557,0.155,233.1
1.2,55,55,55,go_to_pick_up_from_red,red,TRUE,FALSE,FALSE,51:20.9,16.443,0.155,233.1
1.2,55,55,55,go_to_pick_up_from_red,red,TRUE,FALSE,FALSE,51:21.7,16.595,0.155,233.1
1.2,55,55,55,moving_belt,red,FALSE,TRUE,FALSE,51:23.2,16.424,0.155,233.1
1.2,55,55,55,moving_belt,red,FALSE,TRUE,FALSE,51:23.9,16.424,0.156,233.1
1.2,55,55,55,moving_belt,red,FALSE,TRUE,FALSE,51:24.7,16.443,0.156,233.1
1.2,55,55,55,moving_belt,red,FALSE,TRUE,FALSE,51:25.5,16.367,0.156,233.1
1.2,55,55,55,go_to_pick_down,red,TRUE,FALSE,FALSE,51:27.1,16.538,0.153,233.1
1.2,55,55,55,go_to_pick_down,red,TRUE,FALSE,FALSE,51:27.8,16.082,0.151,233.1
1.2,55,55,55,go_to_pick_up_from_pick_down,red,TRUE,FALSE,TRUE,51:28.7,16.082,0.151,233.1
1.2,55,55,55,go_to_color_detect_up,red,TRUE,FALSE,TRUE,51:29.4,17.487,0.151,233.1
1.2,55,55,55,go_to_color_detect_up,red,TRUE,FALSE,TRUE,51:30.9,22.007,0.202,233.1
1.2,55,55,55,go_to_color_detect_up,red,TRUE,FALSE,TRUE,51:31.7,22.405,0.202,233.1
1.2,55,55,55,go_to_color_detect_down,red,TRUE,FALSE,TRUE,51:32.5,22.405,0.2,233.1
1.2,55,55,55,go_to_color_detect_down,red,TRUE,FALSE,TRUE,51:33.7,22.234,0.2,233.1
1.2,55,55,55,go_to_color_detect_up,red,TRUE,FALSE,FALSE,51:34.4,21.513,0.195,233.1
1.2,55,55,55,go_to_color_detect_up,red,TRUE,FALSE,FALSE,51:36.1,20.507,0.195,233.1
1.2,55,55,55,detecting_color,red,FALSE,FALSE,FALSE,51:36.8,16.614,0.155,233.1
1.2,55,55,55,detecting_color,red,FALSE,FALSE,FALSE,51:37.6,16.614,0.155,233.1
1.2,55,55,55,go_to_color_detect_down,green,TRUE,FALSE,FALSE,51:39.1,15.93,0.149,233.1
1.2,55,55,55,go_to_color_detect_down,green,TRUE,FALSE,FALSE,51:39.9,15.93,0.149,233.1
1.2,55,55,55,go_to_color_detect_up,green,TRUE,FALSE,TRUE,51:40.7,15.722,0.149,233.1
1.2,55,55,55,go_to_color_detect_up,green,TRUE,FALSE,TRUE,51:41.5,22.728,0.151,233.1
1.2,55,55,55,go_to_green_up,green,TRUE,FALSE,TRUE,51:43.1,22.196,0.195,233.1
1.2,55,55,55,go_to_green_up,green,TRUE,FALSE,TRUE,51:43.9,21.988,0.195,233.1
1.2,55,55,55,go_to_green_down,green,TRUE,FALSE,TRUE,51:44.7,22.253,0.195,233.1
1.2,55,55,55,go_to_green_down,green,TRUE,FALSE,TRUE,51:45.5,21.722,0.197,233.1
1.2,55,55,55,go_to_green_up,green,TRUE,FALSE,FALSE,51:47.0,21.361,0.197,233.1
1.2,55,55,55,go_to_green_up,green,TRUE,FALSE,FALSE,51:47.8,21.361,0.173,233.1
1.2,55,55,55,go_to_pick_up_from_green,green,TRUE,FALSE,FALSE,51:48.7,16.728,0.173,233.1
1.2,55,55,55,go_to_pick_up_from_green,green,TRUE,FALSE,FALSE,51:50.2,16.215,0.153,233.1
1.2,55,55,55,go_to_pick_up_from_green,green,TRUE,FALSE,FALSE,51:51.0,16.5,0.153,233.1
1.2,55,55,55,go_to_pick_up_from_green,green,TRUE,FALSE,FALSE,51:51.8,16.69,0.155,233.1
1.2,55,55,55,moving_belt,green,FALSE,TRUE,FALSE,51:52.6,16.69,0.155,233.1
1.2,55,55,55,moving_belt,green,FALSE,TRUE,FALSE,51:54.1,16.538,0.153,233.1
1.2,55,55,55,moving_belt,green,FALSE,TRUE,FALSE,51:54.8,16.234,0.153,233.1
1.2,55,55,55,moving_belt,green,FALSE,TRUE,FALSE,51:55.7,16.557,0.153,233.1
1.2,55,55,55,moving_belt,green,FALSE,TRUE,FALSE,51:56.5,16.557,0.155,233.1
1.2,55,55,55,go_to_pick_down,green,TRUE,FALSE,FALSE,51:57.5,16.519,0.155,233.1
1.2,55,55,55,go_to_pick_up_from_pick_down,green,TRUE,FALSE,TRUE,51:59.0,16.329,0.153,233.1
1.2,55,55,55,go_to_color_detect_up,green,TRUE,FALSE,TRUE,51:59.7,17.355,0.153,233.1
1.2,55,55,55,go_to_color_detect_up,green,TRUE,FALSE,TRUE,52:00.4,22.861,0.202,233.1
1.2,55,55,55,go_to_color_detect_up,green,TRUE,FALSE,TRUE,52:02.0,22.443,0.202,233.1
1.2,55,55,55,go_to_color_detect_down,green,TRUE,FALSE,TRUE,52:02.8,22.481,0.203,233.1
1.2,55,55,55,go_to_color_detect_down,green,TRUE,FALSE,TRUE,52:03.6,22.481,0.203,233.1
1.2,55,55,55,go_to_color_detect_up,green,TRUE,FALSE,FALSE,52:04.4,22.083,0.203,233.1
1.2,55,55,55,go_to_color_detect_up,green,TRUE,FALSE,FALSE,52:06.0,21.779,0.196,233.1
1.2,55,55,55,detecting_color,green,FALSE,FALSE,FALSE,52:07.0,16.785,0.157,233.1
1.2,55,55,55,detecting_color,green,FALSE,FALSE,FALSE,52:07.7,16.785,0.157,233.1
1.2,55,55,55,go_to_color_detect_down,blue,TRUE,FALSE,FALSE,52:08.5,16.12,0.157,233.1
1.2,55,55,55,go_to_color_detect_down,blue,TRUE,FALSE,FALSE,52:10.1,16.12,0.151,233.1
1.2,55,55,55,go_to_color_detect_up,blue,TRUE,FALSE,TRUE,52:10.9,16.177,0.151,233.1
1.2,55,55,55,go_to_color_detect_up,blue,TRUE,FALSE,TRUE,52:11.7,22.823,0.183,233.1
1.2,55,55,55,go_to_blue_up,blue,TRUE,FALSE,TRUE,52:12.4,22.652,0.183,233.1
1.2,55,55,55,go_to_blue_up,blue,TRUE,FALSE,TRUE,52:14.0,22.102,0.199,233.1
1.2,55,55,55,go_to_blue_up,blue,TRUE,FALSE,TRUE,52:14.8,22.557,0.199,233.1
1.2,55,55,55,go_to_blue_down,blue,TRUE,FALSE,TRUE,52:15.7,22.595,0.205,233.1
1.2,55,55,55,go_to_blue_down,blue,TRUE,FALSE,TRUE,52:17.2,22.007,0.205,233.1
1.2,55,55,55,go_to_blue_up,blue,TRUE,FALSE,FALSE,52:18.0,21.969,0.199,233.1
1.2,55,55,55,go_to_blue_up,blue,TRUE,FALSE,FALSE,52:18.7,20.013,0.199,233.1
1.2,55,55,55,go_to_pick_up_from_blue,blue,TRUE,FALSE,FALSE,52:19.6,20.013,0.199,233.1
1.2,55,55,55,go_to_pick_up_from_blue,blue,TRUE,FALSE,FALSE,52:21.1,17.108,0.16,233.1
1.2,55,55,55,go_to_pick_up_from_blue,blue,TRUE,FALSE,FALSE,52:21.8,16.652,0.159,233.1
1.2,55,55,55,go_to_pick_up_from_blue,blue,TRUE,FALSE,FALSE,52:22.6,16.956,0.159,233.1
1.2,55,55,55,go_to_pick_up_from_blue,blue,TRUE,FALSE,FALSE,52:24.2,16.766,0.157,233.1
1.2,55,55,55,moving_belt,blue,FALSE,TRUE,FALSE,52:24.9,17.032,0.157,233.1
1.2,55,55,55,moving_belt,blue,FALSE,TRUE,FALSE,52:25.6,17.032,0.157,233.1
1.2,55,55,55,moving_belt,blue,FALSE,TRUE,FALSE,52:27.1,16.481,0.157,233.1
1.2,55,55,55,moving_belt,blue,FALSE,TRUE,FALSE,52:27.9,16.481,0.157,233.1
1.2,55,55,55,moving_belt,blue,FALSE,TRUE,FALSE,52:27.9,16.481,0.157,233.1
1.2,55,55,55,go_to_pick_down,blue,TRUE,FALSE,FALSE,52:27.9,16.481,0.157,233.1
1.2,55,55,55,go_to_pick_down,blue,TRUE,FALSE,FALSE,52:31.0,16.652,0.156,233.1
1.2,55,55,55,go_to_pick_up_from_pick_down,blue,TRUE,FALSE,TRUE,52:31.8,16.652,0.156,233.1
1.2,55,55,55,go_to_color_detect_up,blue,TRUE,FALSE,TRUE,52:32.4,17.374,0.156,233.1
1.2,55,55,55,go_to_color_detect_up,blue,TRUE,FALSE,TRUE,52:33.7,23.089,0.208,233.1
1.2,55,55,55,go_to_color_detect_up,blue,TRUE,FALSE,TRUE,52:34.5,22.272,0.208,233.1
1.2,55,55,55,go_to_color_detect_down,blue,TRUE,FALSE,TRUE,52:36.1,22.557,0.205,233.1
1.2,55,55,55,go_to_color_detect_down,blue,TRUE,FALSE,TRUE,52:36.9,22.253,0.205,233.1
1.2,55,55,55,go_to_color_detect_up,blue,TRUE,FALSE,FALSE,52:37.6,21.95,0.197,233.1
1.2,55,55,55,go_to_color_detect_up,blue,TRUE,FALSE,FALSE,52:39.2,21.741,0.158,233.1
1.2,55,55,55,detecting_color,blue,FALSE,FALSE,FALSE,52:40.0,17.089,0.158,233.1
1.2,55,55,55,detecting_color,blue,FALSE,FALSE,FALSE,52:40.9,16.31,0.158,233.1
1.2,55,55,55,go_to_color_detect_down,red,TRUE,FALSE,FALSE,52:41.9,16.31,0.151,233.1
1.2,55,55,55,go_to_color_detect_down,red,TRUE,FALSE,FALSE,52:42.7,16.063,0.151,233.1
1.2,55,55,55,go_to_color_detect_up,red,TRUE,FALSE,TRUE,52:42.7,16.063,0.151,233.1
1.2,55,55,55,go_to_color_detect_up,red,TRUE,FALSE,TRUE,52:44.5,16.196,0.151,233.1
1.2,55,55,55,go_to_red_up,red,TRUE,FALSE,TRUE,52:45.9,22.007,0.2,233.1
1.2,55,55,55,go_to_red_up,red,TRUE,FALSE,TRUE,52:46.8,22.007,0.2,233.1
1.2,55,55,55,go_to_red_down,red,TRUE,FALSE,TRUE,52:48.2,22.5,0.205,233.1
1.2,55,55,55,go_to_red_down,red,TRUE,FALSE,TRUE,52:48.9,22.386,0.205,233.1
1.2,55,55,55,go_to_red_up,red,TRUE,FALSE,FALSE,52:49.7,22.31,0.205,233.1
1.2,55,55,55,go_to_red_up,red,TRUE,FALSE,FALSE,52:51.1,22.158,0.2,233.1
1.2,55,55,55,go_to_pick_up_from_red,red,TRUE,FALSE,FALSE,52:51.8,17.241,0.2,233.1
1.2,55,55,55,go_to_pick_up_from_red,red,TRUE,FALSE,FALSE,52:52.5,17.241,0.16,233.1
1.2,55,55,55,go_to_pick_up_from_red,red,TRUE,FALSE,FALSE,52:54.1,17.013,0.16,233.1
1.2,55,55,55,go_to_pick_up_from_red,red,TRUE,FALSE,FALSE,52:54.9,17.013,0.159,233.1
1.2,55,55,55,go_to_pick_up_from_red,red,TRUE,FALSE,FALSE,52:55.6,16.899,0.159,233.1
1.2,55,55,55,moving_belt,red,FALSE,TRUE,FALSE,52:57.1,17.184,0.16,233.1
1.2,55,55,55,moving_belt,red,FALSE,TRUE,FALSE,52:57.9,16.728,0.16,233.1
1.2,55,55,55,moving_belt,red,FALSE,TRUE,FALSE,52:58.9,16.557,0.155,233.1
1.2,55,55,55,moving_belt,red,FALSE,TRUE,FALSE,52:59.6,16.557,0.155,233.1
1.2,55,55,55,moving_belt,red,FALSE,TRUE,FALSE,53:00.4,16.481,0.155,233.1
1.2,55,55,55,go_to_pick_down,red,TRUE,FALSE,FALSE,53:02.1,16.215,0.155,233.1
1.2,55,55,55,go_to_pick_up_from_pick_down,red,TRUE,FALSE,TRUE,53:02.9,16.272,0.155,233.1
1.2,55,55,55,go_to_pick_up_from_pick_down,red,TRUE,FALSE,TRUE,53:03.7,19.975,0.153,233.1
1.2,55,55,55,go_to_color_detect_up,red,TRUE,FALSE,TRUE,53:05.2,22.31,0.2,233.1
1.2,55,55,55,go_to_color_detect_up,red,TRUE,FALSE,TRUE,53:06.0,22.272,0.2,233.1
1.2,55,55,55,go_to_color_detect_up,red,TRUE,FALSE,TRUE,53:06.8,22.291,0.2,233.1
1.2,55,55,55,go_to_color_detect_down,red,TRUE,FALSE,TRUE,53:07.6,22.253,0.2,233.1
1.2,55,55,55,go_to_color_detect_down,red,TRUE,FALSE,TRUE,53:08.6,21.684,0.2,233.1
1.2,55,55,55,go_to_color_detect_up,red,TRUE,FALSE,FALSE,53:10.1,18.171,0.194,233.1
1.2,55,55,55,go_to_color_detect_up,red,TRUE,FALSE,FALSE,53:10.9,18.171,0.194,233.1
1.2,55,55,55,detecting_color,red,FALSE,FALSE,FALSE,53:11.7,16.709,0.152,233.1
1.2,55,55,55,go_to_color_detect_down,green,TRUE,FALSE,FALSE,53:13.2,15.949,0.152,233.1
1.2,55,55,55,go_to_color_detect_down,green,TRUE,FALSE,FALSE,53:14.0,16.025,0.15,233.1
1.2,55,55,55,go_to_color_detect_up,green,TRUE,FALSE,TRUE,53:14.7,16.025,0.15,233.1
1.2,55,55,55,go_to_color_detect_up,green,TRUE,FALSE,TRUE,53:15.6,16.006,0.15,233.1
1.2,55,55,55,go_to_green_up,green,TRUE,FALSE,TRUE,53:17.2,22.177,0.204,233.1
1.2,55,55,55,go_to_green_up,green,TRUE,FALSE,TRUE,53:17.9,22.14,0.204,233.1
1.2,55,55,55,go_to_green_down,green,TRUE,FALSE,TRUE,53:18.6,22.14,0.204,233.1
1.2,55,55,55,go_to_green_down,green,TRUE,FALSE,TRUE,53:20.0,21.627,0.204,233.1
1.2,55,55,55,go_to_green_up,green,TRUE,FALSE,FALSE,53:20.8,21.722,0.199,233.1
1.2,55,55,55,go_to_green_up,green,TRUE,FALSE,FALSE,53:22.2,18.912,0.199,233.1
1.2,55,55,55,go_to_pick_up_from_green,green,TRUE,FALSE,FALSE,53:22.9,16.994,0.159,233.1
1.2,55,55,55,go_to_pick_up_from_green,green,TRUE,FALSE,FALSE,53:23.6,16.994,0.159,233.1
1.2,55,55,55,go_to_pick_up_from_green,green,TRUE,FALSE,FALSE,53:25.1,16.443,0.156,233.1
1.2,55,55,55,go_to_pick_up_from_green,green,TRUE,FALSE,FALSE,53:25.9,16.5,0.156,233.1
1.2,55,55,55,moving_belt,green,FALSE,TRUE,FALSE,53:26.7,16.671,0.156,233.1
1.2,55,55,55,moving_belt,green,FALSE,TRUE,FALSE,53:28.3,16.5,0.158,233.1
1.2,55,55,55,moving_belt,green,FALSE,TRUE,FALSE,53:29.2,16.595,0.156,233.1
1.2,55,55,55,moving_belt,green,FALSE,TRUE,FALSE,53:29.9,16.595,0.156,233.1
1.2,55,55,55,moving_belt,green,FALSE,TRUE,FALSE,53:30.6,16.595,0.156,233.1
1.2,55,55,55,go_to_pick_down,green,TRUE,FALSE,FALSE,53:32.1,16.386,0.154,233.1
1.2,55,55,55,go_to_pick_up_from_pick_down,green,TRUE,FALSE,TRUE,53:32.9,16.31,0.154,233.1
1.2,55,55,55,go_to_pick_up_from_pick_down,green,TRUE,FALSE,TRUE,53:33.7,19.633,0.163,233.1
1.2,55,55,55,go_to_color_detect_up,green,TRUE,FALSE,TRUE,53:35.2,22.253,0.163,233.1
1.2,55,55,55,go_to_color_detect_up,green,TRUE,FALSE,TRUE,53:36.0,22.121,0.199,233.1
1.2,55,55,55,go_to_color_detect_up,green,TRUE,FALSE,TRUE,53:36.7,22.215,0.199,233.1
1.2,55,55,55,go_to_color_detect_down,green,TRUE,FALSE,TRUE,53:37.5,22.14,0.199,233.1
1.2,55,55,55,go_to_color_detect_down,green,TRUE,FALSE,TRUE,53:38.3,21.494,0.2,233.1
1.2,55,55,55,go_to_color_detect_up,green,TRUE,FALSE,FALSE,53:39.8,21.475,0.2,233.1
1.2,55,55,55,go_to_color_detect_up,green,TRUE,FALSE,FALSE,53:40.5,17.943,0.194,233.1
1.2,55,55,55,detecting_color,green,FALSE,FALSE,FALSE,53:42.1,16.481,0.15,233.1
1.2,55,55,55,go_to_color_detect_down,red,TRUE,FALSE,FALSE,53:42.8,15.798,0.15,233.1
1.2,55,55,55,go_to_color_detect_down,red,TRUE,FALSE,FALSE,53:43.6,15.798,0.15,233.1
1.2,55,55,55,go_to_color_detect_up,red,TRUE,FALSE,TRUE,53:45.2,15.949,0.15,233.1
1.2,55,55,55,go_to_color_detect_up,red,TRUE,FALSE,TRUE,53:45.9,15.949,0.15,233.1
1.2,55,55,55,go_to_red_up,red,TRUE,FALSE,TRUE,53:46.7,22.5,0.204,233.1
1.2,55,55,55,go_to_red_up,red,TRUE,FALSE,TRUE,53:47.5,21.969,0.204,233.1
1.2,55,55,55,go_to_red_up,red,TRUE,FALSE,TRUE,53:49.0,22.196,0.205,233.1
1.2,55,55,55,go_to_red_down,red,TRUE,FALSE,TRUE,53:49.7,22.234,0.205,233.1
1.2,55,55,55,go_to_red_down,red,TRUE,FALSE,TRUE,53:51.2,21.684,0.2,233.1
1.2,55,55,55,go_to_red_up,red,TRUE,FALSE,FALSE,53:52.0,21.703,0.2,233.1
1.2,55,55,55,go_to_red_up,red,TRUE,FALSE,FALSE,53:52.7,16.69,0.156,233.1
1.2,55,55,55,go_to_pick_up_from_red,red,TRUE,FALSE,FALSE,53:54.3,16.671,0.156,233.1
1.2,55,55,55,go_to_pick_up_from_red,red,TRUE,FALSE,FALSE,53:55.0,16.557,0.157,233.1
1.2,55,55,55,go_to_pick_up_from_red,red,TRUE,FALSE,FALSE,53:55.7,16.557,0.157,233.1
1.2,55,55,55,go_to_pick_up_from_red,red,TRUE,FALSE,FALSE,53:57.2,16.443,0.156,233.1
1.2,55,55,55,moving_belt,red,FALSE,TRUE,FALSE,53:57.9,16.671,0.156,233.1
1.2,55,55,55,moving_belt,red,FALSE,TRUE,FALSE,53:58.7,16.481,0.156,233.1
1.2,55,55,55,moving_belt,red,FALSE,TRUE,FALSE,53:59.5,16.481,0.156,233.1
1.2,55,55,55,moving_belt,red,FALSE,TRUE,FALSE,54:01.0,16.234,0.156,233.1
1.2,55,55,55,moving_belt,red,FALSE,TRUE,FALSE,54:02.1,16.462,0.157,233.1
1.2,55,55,55,go_to_pick_down,red,TRUE,FALSE,FALSE,54:02.9,16.5,0.157,233.1
1.2,55,55,55,go_to_pick_down,red,TRUE,FALSE,FALSE,54:03.7,16.595,0.157,233.1
1.2,55,55,55,go_to_pick_up_from_pick_down,red,TRUE,FALSE,TRUE,54:05.2,16.937,0.154,233.1
1.2,55,55,55,go_to_color_detect_up,red,TRUE,FALSE,TRUE,54:06.0,22.88,0.203,233.1
1.2,55,55,55,go_to_color_detect_up,red,TRUE,FALSE,TRUE,54:06.9,22.064,0.203,233.1
1.2,55,55,55,go_to_color_detect_up,red,TRUE,FALSE,TRUE,54:07.6,22.443,0.203,233.1
1.2,55,55,55,go_to_color_detect_down,red,TRUE,FALSE,TRUE,54:09.1,22.215,0.202,233.1
1.2,55,55,55,go_to_color_detect_down,red,TRUE,FALSE,TRUE,54:09.8,21.855,0.202,233.1
1.2,55,55,55,go_to_color_detect_up,red,TRUE,FALSE,FALSE,54:11.3,21.361,0.195,233.1
1.2,55,55,55,go_to_color_detect_up,red,TRUE,FALSE,FALSE,54:12.0,21.361,0.195,233.1
1.2,55,55,55,detecting_color,red,FALSE,FALSE,FALSE,54:12.8,16.785,0.156,233.1
1.2,55,55,55,go_to_color_detect_down,blue,TRUE,FALSE,FALSE,54:13.5,16.025,0.156,233.1
1.2,55,55,55,go_to_color_detect_down,blue,TRUE,FALSE,FALSE,54:14.6,16.025,0.156,233.1
1.2,55,55,55,go_to_color_detect_up,blue,TRUE,FALSE,TRUE,54:16.2,16.044,0.15,233.1
1.2,55,55,55,go_to_color_detect_up,blue,TRUE,FALSE,TRUE,54:17.0,16.044,0.162,233.1
1.2,55,55,55,go_to_blue_up,blue,TRUE,FALSE,TRUE,54:17.8,22.899,0.162,233.1
1.2,55,55,55,go_to_blue_up,blue,TRUE,FALSE,TRUE,54:18.6,22.405,0.162,233.1
1.2,55,55,55,go_to_blue_up,blue,TRUE,FALSE,TRUE,54:20.1,22.5,0.196,233.1
1.2,55,55,55,go_to_blue_up,blue,TRUE,FALSE,TRUE,54:20.8,22.443,0.203,233.1
1.2,55,55,55,go_to_blue_down,blue,TRUE,FALSE,TRUE,54:21.6,22.443,0.203,233.1
1.2,55,55,55,go_to_blue_down,blue,TRUE,FALSE,TRUE,54:23.0,21.893,0.197,233.1
1.2,55,55,55,go_to_blue_up,blue,TRUE,FALSE,FALSE,54:23.8,21.836,0.197,233.1
1.2,55,55,55,go_to_blue_up,blue,TRUE,FALSE,FALSE,54:24.7,17.867,0.197,233.1
1.2,55,55,55,go_to_pick_up_from_blue,blue,TRUE,FALSE,FALSE,54:26.1,16.994,0.158,233.1
1.2,55,55,55,go_to_pick_up_from_blue,blue,TRUE,FALSE,FALSE,54:26.8,16.747,0.158,233.1
1.2,55,55,55,go_to_pick_up_from_blue,blue,TRUE,FALSE,FALSE,54:27.6,16.747,0.158,233.1
1.2,55,55,55,go_to_pick_up_from_blue,blue,TRUE,FALSE,FALSE,54:29.1,16.861,0.158,233.1
1.2,55,55,55,go_to_pick_up_from_blue,blue,TRUE,FALSE,FALSE,54:29.9,16.747,0.156,233.1
1.2,55,55,55,moving_belt,blue,FALSE,TRUE,FALSE,54:30.7,16.994,0.156,233.1
1.2,55,55,55,moving_belt,blue,FALSE,TRUE,FALSE,54:32.3,16.728,0.157,233.1
1.2,55,55,55,moving_belt,blue,FALSE,TRUE,FALSE,54:33.1,16.462,0.157,233.1
1.2,55,55,55,moving_belt,blue,FALSE,TRUE,FALSE,54:33.8,16.462,0.157,233.1
1.2,55,55,55,moving_belt,blue,FALSE,TRUE,FALSE,54:34.6,16.557,0.154,233.1
1.2,55,55,55,go_to_pick_down,blue,TRUE,FALSE,FALSE,54:36.1,16.386,0.154,233.1
1.2,55,55,55,go_to_pick_up_from_pick_down,blue,TRUE,FALSE,TRUE,54:36.9,16.614,0.155,233.1
1.2,55,55,55,go_to_pick_up_from_pick_down,blue,TRUE,FALSE,TRUE,54:37.7,20.032,0.155,233.1
1.2,55,55,55,go_to_color_detect_up,blue,TRUE,FALSE,TRUE,54:39.3,22.671,0.206,233.1
1.2,55,55,55,go_to_color_detect_up,blue,TRUE,FALSE,TRUE,54:40.2,22.443,0.206,233.1
1.2,55,55,55,go_to_color_detect_up,blue,TRUE,FALSE,TRUE,54:41.0,22.557,0.203,233.1
1.2,55,55,55,go_to_color_detect_down,blue,TRUE,FALSE,TRUE,54:41.7,22.652,0.203,233.1
1.2,55,55,55,go_to_color_detect_down,blue,TRUE,FALSE,TRUE,54:43.2,21.817,0.196,233.1
1.2,55,55,55,go_to_color_detect_up,blue,TRUE,FALSE,FALSE,54:43.9,20.127,0.196,233.1
1.2,55,55,55,go_to_color_detect_up,blue,TRUE,FALSE,FALSE,54:44.6,20.127,0.156,233.1
1.2,55,55,55,detecting_color,blue,FALSE,FALSE,FALSE,54:46.3,16.937,0.156,233.1
1.2,55,55,55,go_to_color_detect_down,red,TRUE,FALSE,FALSE,54:47.0,16.158,0.151,233.1
1.2,55,55,55,go_to_color_detect_down,red,TRUE,FALSE,FALSE,54:47.9,16.272,0.151,233.1
1.2,55,55,55,go_to_color_detect_up,red,TRUE,FALSE,TRUE,54:48.6,16.272,0.151,233.1
1.2,55,55,55,go_to_color_detect_up,red,TRUE,FALSE,TRUE,54:50.1,23.108,0.153,233.1
1.2,55,55,55,go_to_red_up,red,TRUE,FALSE,TRUE,54:50.8,22.443,0.153,233.1
1.2,55,55,55,go_to_red_up,red,TRUE,FALSE,TRUE,54:52.2,22.196,0.2,233.1
1.2,55,55,55,go_to_red_up,red,TRUE,FALSE,TRUE,54:52.9,22.823,0.2,233.1
1.2,55,55,55,go_to_red_down,red,TRUE,FALSE,TRUE,54:53.7,22.557,0.204,233.1
1.2,55,55,55,go_to_red_down,red,TRUE,FALSE,TRUE,54:55.2,22.291,0.204,233.1
1.2,55,55,55,go_to_red_up,red,TRUE,FALSE,FALSE,54:56.0,22.31,0.199,233.1
1.2,55,55,55,go_to_red_up,red,TRUE,FALSE,FALSE,54:56.8,21.494,0.199,233.1
1.2,55,55,55,go_to_pick_up_from_red,red,TRUE,FALSE,FALSE,54:57.6,17.525,0.162,233.1
1.2,55,55,55,go_to_pick_up_from_red,red,TRUE,FALSE,FALSE,54:59.2,16.804,0.162,233.1
1.2,55,55,55,go_to_pick_up_from_red,red,TRUE,FALSE,FALSE,55:00.0,17.051,0.158,233.1
1.2,55,55,55,go_to_pick_up_from_red,red,TRUE,FALSE,FALSE,55:00.8,17.051,0.158,233.1
1.2,55,55,55,moving_belt,red,FALSE,TRUE,FALSE,55:01.6,16.994,0.158,233.1
1.2,55,55,55,moving_belt,red,FALSE,TRUE,FALSE,55:03.3,16.671,0.159,233.1
1.2,55,55,55,moving_belt,red,FALSE,TRUE,FALSE,55:04.1,16.671,0.159,233.1
1.2,55,55,55,moving_belt,red,FALSE,TRUE,FALSE,55:05.0,16.69,0.153,233.1
1.2,55,55,55,moving_belt,red,FALSE,TRUE,FALSE,55:05.8,16.215,0.153,233.1
1.2,55,55,55,go_to_pick_down,red,TRUE,FALSE,FALSE,55:06.7,16.215,0.153,233.1
1.2,55,55,55,go_to_pick_down,red,TRUE,FALSE,FALSE,55:08.3,16.367,0.153,233.1
1.2,55,55,55,go_to_pick_up_from_pick_down,red,TRUE,FALSE,TRUE,55:09.1,16.367,0.152,233.1
1.2,55,55,55,go_to_color_detect_up,red,TRUE,FALSE,TRUE,55:09.9,21.665,0.152,233.1
1.2,55,55,55,go_to_color_detect_up,red,TRUE,FALSE,TRUE,55:10.7,22.443,0.152,233.1
1.2,55,55,55,go_to_color_detect_up,red,TRUE,FALSE,TRUE,55:12.3,22.462,0.199,233.1
1.2,55,55,55,go_to_color_detect_down,red,TRUE,FALSE,TRUE,55:13.0,22.557,0.202,233.1
1.2,55,55,55,go_to_color_detect_down,red,TRUE,FALSE,TRUE,55:13.8,21.798,0.202,233.1
1.2,55,55,55,go_to_color_detect_up,red,TRUE,FALSE,FALSE,55:15.3,21.627,0.196,233.1
1.2,55,55,55,go_to_color_detect_up,red,TRUE,FALSE,FALSE,55:16.2,18.057,0.196,233.1
1.2,55,55,55,detecting_color,red,FALSE,FALSE,FALSE,55:16.9,16.671,0.196,233.1
1.2,55,55,55,detecting_color,red,FALSE,FALSE,FALSE,55:17.6,16.671,0.155,233.1
1.2,55,55,55,go_to_color_detect_down,green,TRUE,FALSE,FALSE,55:19.3,16.101,0.155,233.1
1.2,55,55,55,go_to_color_detect_down,green,TRUE,FALSE,FALSE,55:19.9,16.196,0.152,233.1
1.2,55,55,55,go_to_color_detect_up,green,TRUE,FALSE,TRUE,55:20.6,16.234,0.152,233.1
1.2,55,55,55,go_to_color_detect_up,green,TRUE,FALSE,TRUE,55:22.1,22.804,0.206,233.1
1.2,55,55,55,go_to_green_up,green,TRUE,FALSE,TRUE,55:22.9,22.234,0.206,233.1
1.2,55,55,55,go_to_green_up,green,TRUE,FALSE,TRUE,55:23.7,22.348,0.203,233.1
1.2,55,55,55,go_to_green_down,green,TRUE,FALSE,TRUE,55:25.1,21.95,0.203,233.1
1.2,55,55,55,go_to_green_down,green,TRUE,FALSE,TRUE,55:25.9,21.95,0.2,233.1
1.2,55,55,55,go_to_green_up,green,TRUE,FALSE,FALSE,55:26.6,22.215,0.2,233.1
1.2,55,55,55,go_to_green_up,green,TRUE,FALSE,FALSE,55:28.3,17.336,0.16,233.1
1.2,55,55,55,go_to_pick_up_from_green,green,TRUE,FALSE,FALSE,55:29.0,17.336,0.16,233.1
1.2,55,55,55,go_to_pick_up_from_green,green,TRUE,FALSE,FALSE,55:29.8,16.367,0.16,233.1
1.2,55,55,55,go_to_pick_up_from_green,green,TRUE,FALSE,FALSE,55:31.3,16.709,0.157,233.1
1.2,55,55,55,go_to_pick_up_from_green,green,TRUE,FALSE,FALSE,55:32.1,16.899,0.157,233.1
1.2,55,55,55,moving_belt,green,FALSE,TRUE,FALSE,55:32.9,16.899,0.157,233.1
1.2,55,55,55,moving_belt,green,FALSE,TRUE,FALSE,55:33.7,16.5,0.157,233.1
1.2,55,55,55,moving_belt,green,FALSE,TRUE,FALSE,55:35.2,16.424,0.153,233.1
1.2,55,55,55,moving_belt,green,FALSE,TRUE,FALSE,55:36.1,16.595,0.153,233.1
1.2,55,55,55,go_to_pick_down,green,TRUE,FALSE,FALSE,55:36.9,16.728,0.156,233.1
1.2,55,55,55,go_to_pick_down,green,TRUE,FALSE,FALSE,55:37.6,16.728,0.156,233.1
1.2,55,55,55,go_to_pick_up_from_pick_down,green,TRUE,FALSE,TRUE,55:39.2,16.709,0.153,233.1
1.2,55,55,55,go_to_color_detect_up,green,TRUE,FALSE,TRUE,55:39.9,16.709,0.153,233.1
1.2,55,55,55,go_to_color_detect_up,green,TRUE,FALSE,TRUE,55:40.8,22.785,0.153,233.1
1.2,55,55,55,go_to_color_detect_up,green,TRUE,FALSE,TRUE,55:41.6,21.912,0.198,233.1
1.2,55,55,55,go_to_color_detect_down,green,TRUE,FALSE,TRUE,55:43.2,22.196,0.203,233.1
1.2,55,55,55,go_to_color_detect_down,green,TRUE,FALSE,TRUE,55:43.9,21.608,0.203,233.1
1.2,55,55,55,go_to_color_detect_up,green,TRUE,FALSE,FALSE,55:44.8,21.418,0.203,233.1
1.2,55,55,55,go_to_color_detect_up,green,TRUE,FALSE,FALSE,55:45.6,21.057,0.196,233.1
1.2,55,55,55,detecting_color,green,FALSE,FALSE,FALSE,55:47.3,16.5,0.154,233.1
1.2,55,55,55,detecting_color,green,FALSE,FALSE,FALSE,55:48.2,15.798,0.154,233.1
1.2,55,55,55,go_to_color_detect_down,blue,TRUE,FALSE,FALSE,55:49.0,15.798,0.154,233.1
1.2,55,55,55,go_to_color_detect_down,blue,TRUE,FALSE,FALSE,55:49.8,15.779,0.151,233.1
1.2,55,55,55,go_to_color_detect_up,blue,TRUE,FALSE,TRUE,55:51.2,15.798,0.151,231.2
1.2,55,55,55,go_to_color_detect_up,blue,TRUE,FALSE,TRUE,55:51.9,22.69,0.207,231.2
1.2,55,55,55,go_to_blue_up,blue,TRUE,FALSE,TRUE,55:52.6,22.177,0.207,233.1
1.2,55,55,55,go_to_blue_up,blue,TRUE,FALSE,TRUE,55:54.2,21.665,0.199,233.1
1.2,55,55,55,go_to_blue_up,blue,TRUE,FALSE,TRUE,55:54.9,22.14,0.199,233.1
1.2,55,55,55,go_to_blue_down,blue,TRUE,FALSE,TRUE,55:56.0,22.215,0.203,233.1
1.2,55,55,55,go_to_blue_down,blue,TRUE,FALSE,TRUE,55:56.7,22.158,0.203,233.1
1.2,55,55,55,go_to_blue_up,blue,TRUE,FALSE,FALSE,55:57.6,21.722,0.203,233.1
1.2,55,55,55,go_to_blue_up,blue,TRUE,FALSE,FALSE,55:59.1,16.842,0.197,233.1
1.2,55,55,55,go_to_pick_up_from_blue,blue,TRUE,FALSE,FALSE,55:59.9,16.842,0.197,233.1
1.2,55,55,55,go_to_pick_up_from_blue,blue,TRUE,FALSE,FALSE,56:00.8,16.519,0.157,233.1
1.2,55,55,55,go_to_pick_up_from_blue,blue,TRUE,FALSE,FALSE,56:01.6,16.538,0.157,233.1
1.2,55,55,55,go_to_pick_up_from_blue,blue,TRUE,FALSE,FALSE,56:03.2,16.424,0.157,233.1
1.2,55,55,55,go_to_pick_up_from_blue,blue,TRUE,FALSE,FALSE,56:04.0,16.519,0.157,233.1
1.2,55,55,55,moving_belt,blue,FALSE,TRUE,FALSE,56:04.8,16.519,0.156,233.1
1.2,55,55,55,moving_belt,blue,FALSE,TRUE,FALSE,56:06.3,16.538,0.156,233.1
1.2,55,55,55,moving_belt,blue,FALSE,TRUE,FALSE,56:07.1,16.728,0.156,233.1
1.2,55,55,55,moving_belt,blue,FALSE,TRUE,FALSE,56:07.9,16.405,0.156,233.1
1.2,55,55,55,moving_belt,blue,FALSE,TRUE,FALSE,56:08.7,16.405,0.156,233.1
1.2,55,55,55,go_to_pick_down,blue,TRUE,FALSE,FALSE,56:10.3,16.462,0.155,233.1
1.2,55,55,55,go_to_pick_down,blue,TRUE,FALSE,FALSE,56:11.1,16.462,0.151,233.1
1.2,55,55,55,go_to_pick_up_from_pick_down,blue,TRUE,FALSE,TRUE,56:11.9,16.12,0.151,233.1
1.2,55,55,55,go_to_color_detect_up,blue,TRUE,FALSE,TRUE,56:13.3,22.045,0.199,233.1
1.2,55,55,55,go_to_color_detect_up,blue,TRUE,FALSE,TRUE,56:14.0,22.14,0.199,233.1
1.2,55,55,55,go_to_color_detect_up,blue,TRUE,FALSE,TRUE,56:14.8,22.14,0.199,233.1
1.2,55,55,55,go_to_color_detect_down,blue,TRUE,FALSE,TRUE,56:16.3,21.95,0.2,233.1
1.2,55,55,55,go_to_color_detect_down,blue,TRUE,FALSE,TRUE,56:17.2,21.418,0.2,233.1
1.2,55,55,55,go_to_color_detect_up,blue,TRUE,FALSE,FALSE,56:18.0,21.399,0.194,233.1
1.2,55,55,55,go_to_color_detect_up,blue,TRUE,FALSE,FALSE,56:18.9,21.399,0.194,233.1
1.2,55,55,55,detecting_color,blue,FALSE,FALSE,FALSE,56:19.6,16.766,0.156,233.1
1.2,55,55,55,go_to_color_detect_down,red,TRUE,FALSE,FALSE,56:21.1,16.367,0.156,233.1
1.2,55,55,55,go_to_color_detect_down,red,TRUE,FALSE,FALSE,56:22.2,15.817,0.149,233.1
1.2,55,55,55,go_to_color_detect_up,red,TRUE,FALSE,TRUE,56:23.0,15.911,0.149,233.1
1.2,55,55,55,go_to_color_detect_up,red,TRUE,FALSE,TRUE,56:23.8,15.911,0.149,233.1
1.2,55,55,55,go_to_red_up,red,TRUE,FALSE,TRUE,56:25.3,22.31,0.173,233.1
1.2,55,55,55,go_to_red_up,red,TRUE,FALSE,TRUE,56:26.2,21.741,0.197,233.1
1.2,55,55,55,go_to_red_up,red,TRUE,FALSE,TRUE,56:27.1,22.14,0.197,233.1
1.2,55,55,55,go_to_red_down,red,TRUE,FALSE,TRUE,56:27.9,22.121,0.197,233.1
1.2,55,55,55,go_to_red_down,red,TRUE,FALSE,TRUE,56:28.7,22.007,0.199,233.1
1.2,55,55,55,go_to_red_up,red,TRUE,FALSE,FALSE,56:30.3,21.874,0.197,233.1
1.2,55,55,55,go_to_red_up,red,TRUE,FALSE,FALSE,56:31.1,21.874,0.197,233.1
1.2,55,55,55,go_to_pick_up_from_red,red,TRUE,FALSE,FALSE,56:31.8,16.747,0.197,233.1
1.2,55,55,55,go_to_pick_up_from_red,red,TRUE,FALSE,FALSE,56:32.6,16.747,0.155,233.1
1.2,55,55,55,go_to_pick_up_from_red,red,TRUE,FALSE,FALSE,56:34.2,16.728,0.155,233.1
1.2,55,55,55,go_to_pick_up_from_red,red,TRUE,FALSE,FALSE,56:34.9,16.728,0.154,233.1
1.2,55,55,55,go_to_pick_up_from_red,red,TRUE,FALSE,FALSE,56:35.8,16.462,0.154,233.1
1.2,55,55,55,moving_belt,red,FALSE,TRUE,FALSE,56:36.6,16.785,0.154,233.1
1.2,55,55,55,moving_belt,red,FALSE,TRUE,FALSE,56:38.2,16.728,0.155,233.1
1.2,55,55,55,moving_belt,red,FALSE,TRUE,FALSE,56:39.0,16.405,0.153,233.1
1.2,55,55,55,moving_belt,red,FALSE,TRUE,FALSE,56:39.8,16.405,0.153,233.1
1.2,55,55,55,moving_belt,red,FALSE,TRUE,FALSE,56:41.4,16.386,0.153,233.1
1.2,55,55,55,go_to_pick_down,red,TRUE,FALSE,FALSE,56:42.1,16.386,0.153,233.1
1.2,55,55,55,go_to_pick_up_from_pick_down,red,TRUE,FALSE,TRUE,56:42.9,16.443,0.153,233.1
1.2,55,55,55,go_to_color_detect_up,red,TRUE,FALSE,TRUE,56:43.7,19.804,0.173,233.1
1.2,55,55,55,go_to_color_detect_up,red,TRUE,FALSE,TRUE,56:45.2,22.234,0.173,233.1
1.2,55,55,55,go_to_color_detect_up,red,TRUE,FALSE,TRUE,56:46.0,22.234,0.206,233.1
1.2,55,55,55,go_to_color_detect_down,red,TRUE,FALSE,TRUE,56:46.9,22.633,0.206,233.1
1.2,55,55,55,go_to_color_detect_down,red,TRUE,FALSE,TRUE,56:47.7,22.462,0.205,233.1
1.2,55,55,55,go_to_color_detect_up,red,TRUE,FALSE,FALSE,56:49.4,21.855,0.205,233.1
1.2,55,55,55,go_to_color_detect_up,red,TRUE,FALSE,FALSE,56:50.1,19.101,0.198,233.1
1.2,55,55,55,detecting_color,red,FALSE,FALSE,FALSE,56:51.4,19.101,0.198,233.1
1.2,55,55,55,detecting_color,red,FALSE,FALSE,FALSE,56:52.1,16.88,0.153,233.1
1.2,55,55,55,go_to_color_detect_down,green,TRUE,FALSE,FALSE,56:52.9,16.063,0.153,233.1
1.2,55,55,55,go_to_color_detect_down,green,TRUE,FALSE,FALSE,56:53.6,16.082,0.153,233.1
1.2,55,55,55,go_to_color_detect_up,green,TRUE,FALSE,TRUE,56:55.1,16.158,0.153,233.1
1.2,55,55,55,go_to_color_detect_up,green,TRUE,FALSE,TRUE,56:55.8,22.766,0.153,233.1
1.2,55,55,55,go_to_green_up,green,TRUE,FALSE,TRUE,56:56.6,22.424,0.206,233.1
1.2,55,55,55,go_to_green_up,green,TRUE,FALSE,TRUE,56:58.4,22.045,0.204,233.1
1.2,55,55,55,go_to_green_down,green,TRUE,FALSE,TRUE,56:59.2,22.519,0.204,233.1
1.2,55,55,55,go_to_green_down,green,TRUE,FALSE,TRUE,57:00.0,21.893,0.204,233.1
1.2,55,55,55,go_to_green_up,green,TRUE,FALSE,FALSE,57:00.8,21.741,0.197,233.1
1.2,55,55,55,go_to_green_up,green,TRUE,FALSE,FALSE,57:02.4,21.418,0.197,233.1
1.2,55,55,55,go_to_pick_up_from_green,green,TRUE,FALSE,FALSE,57:03.1,17.051,0.159,233.1
1.2,55,55,55,go_to_pick_up_from_green,green,TRUE,FALSE,FALSE,57:03.1,17.051,0.159,233.1
1.2,55,55,55,go_to_pick_up_from_green,green,TRUE,FALSE,FALSE,57:04.7,16.481,0.159,233.1
1.2,55,55,55,go_to_pick_up_from_green,green,TRUE,FALSE,FALSE,57:06.3,16.956,0.156,233.1
1.2,55,55,55,moving_belt,green,FALSE,TRUE,FALSE,57:07.1,16.956,0.156,233.1
1.2,55,55,55,moving_belt,green,FALSE,TRUE,FALSE,57:07.8,16.709,0.156,233.1
1.2,55,55,55,moving_belt,green,FALSE,TRUE,FALSE,57:09.3,16.538,0.156,233.1
1.2,55,55,55,moving_belt,green,FALSE,TRUE,FALSE,57:10.0,16.481,0.154,233.1
1.2,55,55,55,moving_belt,green,FALSE,TRUE,FALSE,57:10.8,16.709,0.154,233.1
1.2,55,55,55,go_to_pick_down,green,TRUE,FALSE,FALSE,57:11.6,16.709,0.153,233.1
1.2,55,55,55,go_to_pick_down,green,TRUE,FALSE,FALSE,57:13.1,16.576,0.153,233.1
1.2,55,55,55,go_to_pick_up_from_pick_down,green,TRUE,FALSE,TRUE,57:13.8,16.557,0.159,233.1
1.2,55,55,55,go_to_color_detect_up,green,TRUE,FALSE,TRUE,57:15.4,22.196,0.159,233.1
1.2,55,55,55,go_to_color_detect_up,green,TRUE,FALSE,TRUE,57:16.2,22.519,0.203,233.1
1.2,55,55,55,go_to_color_detect_up,green,TRUE,FALSE,TRUE,57:17.0,22.519,0.203,233.1
1.2,55,55,55,go_to_color_detect_down,green,TRUE,FALSE,TRUE,57:17.8,22.519,0.203,233.1
1.2,55,55,55,go_to_color_detect_down,green,TRUE,FALSE,TRUE,57:19.4,21.684,0.203,233.1
1.2,55,55,55,go_to_color_detect_up,green,TRUE,FALSE,FALSE,57:20.1,21.76,0.203,233.1
1.2,55,55,55,go_to_color_detect_up,green,TRUE,FALSE,FALSE,57:20.7,21.76,0.198,233.1
1.2,55,55,55,go_to_color_detect_up,green,TRUE,FALSE,FALSE,57:21.6,16.88,0.198,233.1
1.2,55,55,55,detecting_color,green,FALSE,FALSE,FALSE,57:21.6,16.88,0.198,233.1
1.2,55,55,55,detecting_color,green,FALSE,FALSE,FALSE,57:30.4,16.177,0.153,231.2
1.2,55,55,55,go_to_color_detect_down,blue,TRUE,FALSE,FALSE,57:30.4,16.177,0.153,231.2
1.2,55,55,55,go_to_color_detect_down,blue,TRUE,FALSE,FALSE,57:30.4,16.177,0.153,231.2
1.2,55,55,55,go_to_color_detect_up,blue,TRUE,FALSE,TRUE,57:33.7,16.177,0.161,231.2
1.2,55,55,55,go_to_color_detect_up,blue,TRUE,FALSE,TRUE,57:34.5,22.956,0.161,231.2
1.2,55,55,55,go_to_blue_up,blue,TRUE,FALSE,TRUE,57:35.8,22.253,0.202,231.2
1.2,55,55,55,go_to_blue_up,blue,TRUE,FALSE,TRUE,57:36.5,22.253,0.202,231.2
1.2,55,55,55,go_to_blue_up,blue,TRUE,FALSE,TRUE,57:37.9,22.633,0.208,231.2
1.2,55,55,55,go_to_blue_down,blue,TRUE,FALSE,TRUE,57:38.6,22.747,0.208,231.2
1.2,55,55,55,go_to_blue_down,blue,TRUE,FALSE,TRUE,57:39.3,22.747,0.208,231.2
1.2,55,55,55,go_to_blue_up,blue,TRUE,FALSE,FALSE,57:40.7,22.158,0.198,233.1
1.2,55,55,55,go_to_blue_up,blue,TRUE,FALSE,FALSE,57:41.6,17.279,0.198,233.1
1.2,55,55,55,go_to_pick_up_from_blue,blue,TRUE,FALSE,FALSE,57:42.4,17.279,0.159,233.1
1.2,55,55,55,go_to_pick_up_from_blue,blue,TRUE,FALSE,FALSE,57:43.2,17.108,0.159,233.1
1.2,55,55,55,go_to_pick_up_from_blue,blue,TRUE,FALSE,FALSE,57:44.2,16.842,0.159,233.1
1.2,55,55,55,go_to_pick_up_from_blue,blue,TRUE,FALSE,FALSE,57:45.3,16.956,0.159,233.1
1.2,55,55,55,go_to_pick_up_from_blue,blue,TRUE,FALSE,FALSE,57:46.2,16.956,0.159,233.1
1.2,55,55,55,moving_belt,blue,FALSE,TRUE,FALSE,57:47.9,17.146,0.157,233.1
1.2,55,55,55,moving_belt,blue,FALSE,TRUE,FALSE,57:48.7,16.861,0.157,233.1
1.2,55,55,55,moving_belt,blue,FALSE,TRUE,FALSE,57:49.5,16.861,0.157,233.1
1.2,55,55,55,moving_belt,blue,FALSE,TRUE,FALSE,57:50.9,16.367,0.152,233.1
1.2,55,55,55,moving_belt,blue,FALSE,TRUE,FALSE,57:51.7,16.557,0.152,233.1
1.2,55,55,55,go_to_pick_down,blue,TRUE,FALSE,FALSE,57:52.5,16.443,0.152,233.1
1.2,55,55,55,go_to_pick_down,blue,TRUE,FALSE,FALSE,57:53.3,16.443,0.155,233.1
1.2,55,55,55,go_to_pick_up_from_pick_down,blue,TRUE,FALSE,TRUE,57:54.8,19.88,0.155,233.1
1.2,55,55,55,go_to_color_detect_up,blue,TRUE,FALSE,TRUE,57:55.6,22.709,0.207,233.1
1.2,55,55,55,go_to_color_detect_up,blue,TRUE,FALSE,TRUE,57:56.4,22.709,0.207,233.1
1.2,55,55,55,go_to_color_detect_up,blue,TRUE,FALSE,TRUE,57:57.9,22.88,0.208,233.1
1.2,55,55,55,go_to_color_detect_down,blue,TRUE,FALSE,TRUE,57:58.7,22.899,0.208,233.1
1.2,55,55,55,go_to_color_detect_down,blue,TRUE,FALSE,TRUE,57:59.8,22.367,0.2,233.1
1.2,55,55,55,go_to_color_detect_up,blue,TRUE,FALSE,FALSE,58:00.6,22.177,0.2,233.1
